{
  "name": "VeteranoToken",
  "symbol": "VTR",
  "type": "BEP20",
  "decimals": 18,
  "status": "active",
  "id": "0x0A65e4052C3292e9F4db5aDA012D09B84d1c65f0",
  "website": "https://github.com/Buckwheat753/VeteranoToken",
  "description": "VeteranoToken (VTR) is a community-driven meme token on BNB Smart Chain.",
  "explorer": "https://bscscan.com/token/0x0A65e4052C3292e9F4db5aDA012D09B84d1c65f0",
  "links": [
    {
      "name": "github",
      "url": "https://github.com/Buckwheat753/VeteranoToken"
    }
  ],
  "logo": "logo.png"
}